Age,Education Score,Technical Questions Answered,Coding Test Score,Behavioural Questions Answered,Eye Contact Score,Confidence Score,Speech Speed (WPM),Filler Words Used,Interviewer Rating,Time Management Score,Round Score,Duration,Network Stability,Final Interview Performance Score
27,7,0,92,7,6.918042815002208,6.81166459086051,103,29,3.537271386142562,8.12317186800567,6.74639906319222,23,3.8406989383043704,6.230520785877216
40,2,7,21,1,3.7983603700679875,1.403006054542014,83,24,4.274286770268402,6.422228476331096,3.877688758669254,15,5.41917786402019,5.875561999520533
35,1,3,67,5,7.681132455152583,7.857161381191738,146,7,2.716533888318052,5.6047472426711265,1.5140544703339893,40,3.886602240804141,6.964661289982416
31,4,3,19,4,8.336065460323312,9.519799905941916,113,17,4.123561316494555,1.549064287048554,2.238667609585252,52,2.7303212662128273,7.24485914503295
28,8,4,95,9,6.534804163070191,4.057919444360061,136,18,5.925137683785788,3.5904816896644527,1.0083647518296495,52,3.785225941797408,8.174861932671782
41,2,7,99,8,7.190956988919236,5.6551544354289875,128,15,9.925955928813245,1.839443021003529,9.129012646102366,58,9.774138455292114,15.049226605362799
27,3,4,67,4,4.377339139983997,4.41019250252933,132,1,6.977815417646071,9.674408447906263,1.2215618545711473,36,4.7000207529536375,11.314457023806776
39,1,7,90,1,5.848261006087352,1.0603935127365396,102,7,2.7932135896748265,2.2157213160318463,2.8851019255855994,58,5.002414991725022,9.234049402644361
43,1,9,63,4,5.71743253653546,4.4728705260560435,148,21,1.4046529743239602,2.3659786886599186,4.746365026191166,24,6.18890490956026,9.240579225907137
31,3,0,16,3,8.632430120176947,8.125482333352117,132,5,2.137208331830595,9.006189564974429,4.209141933557372,20,9.85006691572804,8.433571334554633
31,5,9,11,6,8.559675822539642,6.363899579651337,141,11,6.062996811457427,9.49535455128812,9.20553289221498,31,3.174411487921867,5.842187917514387
44,3,8,21,5,8.49412422412339,1.9113392315364304,120,14,7.886442959350897,7.8924613531141885,1.362600511610879,52,7.131538994791905,5.950047513310902
41,1,5,16,1,1.0992845283621921,8.624255407244066,136,24,9.463772865706723,1.0486443130540288,5.609932369093464,38,7.443862241875517,9.077801361899718
24,1,2,9,4,7.745909360219994,5.779768103967186,139,7,1.1424085479713875,1.0121164386090733,7.124315162719366,24,6.465919751137593,6.525924330075673
28,8,7,64,6,7.828087510999044,8.575510255702085,133,3,5.704841274056828,4.402906928087057,9.38528176313052,22,1.7972050567297968,9.938712430289412
44,2,8,21,6,7.105409405696276,6.221993669065264,149,14,5.237806206008591,2.290558330098033,6.58334126911349,35,7.091850482448188,6.3344893930414745
23,3,5,89,4,7.806381921023073,6.037196003541459,136,27,6.904495197781336,1.1654752793643754,8.233797124105864,20,1.5768523993255794,8.949168092416269
42,2,6,81,8,8.577733343470378,1.9473326667731115,89,19,6.036209690188078,5.176600204640542,1.7535244406081356,35,6.365283845949072,6.54626708236631
41,3,0,49,3,5.232871486916071,2.5062375982476515,119,24,7.183352355242325,9.487557076662744,4.473455598432347,53,7.656230594995684,3.4556770059146817
22,7,4,13,2,5.518451921396024,9.74822730846932,86,16,6.9227432627427135,3.9143761741218825,4.365524210311607,38,2.898729015579554,4.800825399717178
44,1,4,63,3,2.122426512202514,3.0563807207929368,117,12,2.053105523721516,6.950266105858269,8.97659394810146,47,8.574598067884967,5.312202129335471
32,8,9,46,4,4.468382947426257,9.79706906191331,140,17,8.197461222568476,6.870118178191967,2.3623405413694742,32,1.2731842497970383,11.256616534011918
26,2,3,28,5,6.790286619206059,5.78721435871837,82,1,2.109093181446924,3.25972093298651,2.3669755510296726,42,8.594315772924755,7.075775905399631
22,3,5,75,2,8.02359798532547,2.222101423575434,130,12,7.286775626882234,6.853827239414779,3.957023348972186,46,5.142961455784886,7.9165759698067095
41,9,6,35,1,2.954881879220895,1.8937198247832365,126,12,4.745308308765461,2.9110057685820214,1.4901944263015383,26,2.9582914593848004,4.343753226301487
21,7,8,98,3,2.2404060924331186,2.87977663635166,147,21,5.624656611189382,2.0980667221920015,2.6421223658724102,56,2.204003304945712,9.635159234927086
32,4,0,51,4,6.96737804050443,9.330735970228021,155,14,9.129682129381395,7.312449570037211,9.686886746911616,41,9.579764508241354,6.8058023325725525
42,5,5,75,3,1.0169189517241959,4.727352018954042,117,19,9.008953538261379,2.0209673539352506,4.853655458804555,24,1.6539902882304105,11.442359980329362
32,2,6,6,2,2.6053532587659687,4.55890841193623,115,28,8.360706750895265,9.972182967304198,6.688172875801928,56,2.791840779423331,8.043261107844113
37,8,2,28,7,1.2616424230955836,3.818856349631566,120,26,5.5913354241069095,2.651071610352064,7.535001334101732,46,4.1304011268974135,4.157194041465712
30,4,7,10,9,2.5019660606938383,2.3235566550992957,148,9,7.626158291204498,6.347276764808118,4.302652663064804,56,6.582113640650084,6.450854600383414
36,9,4,32,3,2.631873519329547,5.390660774731658,92,28,5.616073499669285,4.702371142713305,2.3250436696946526,40,5.903209767484886,8.213439433910505
35,5,8,5,1,4.489062352753548,2.1704300426002483,137,2,8.826454742272997,2.137477801651004,2.8592291459960273,39,2.1307914317108256,6.33451396298483
35,9,4,78,1,4.6209441221790035,8.519322127440947,129,18,4.624982499096099,1.2505951681967207,3.819398289225493,25,3.6075518536439315,10.044374941991883
39,4,8,31,0,8.868362235492139,4.333572876477758,109,2,9.732118099733892,6.6045905406355,6.724615783170031,37,3.1487659397742167,8.94514453878455
32,5,9,50,3,5.590987412489427,4.373232110036167,141,21,9.390904824059898,8.260818074102135,4.58452494180149,48,2.9218856904130726,12.590045080844302
43,9,3,74,9,7.510642890510576,5.266057856348403,104,13,7.674423575066069,8.578140953560697,1.0613322811011532,54,4.7002990283198836,11.830810332484997
40,8,8,57,8,1.9372362212825869,4.997149418491764,106,7,3.514742957584648,5.34442125769241,5.710664665607247,37,7.336283073324912,9.894077174548032
23,3,4,86,6,3.0289487991732447,9.953721757533893,130,26,2.1848822991393257,7.99709920464147,9.29362052716676,43,2.9570763899551236,10.295577404300397
25,1,9,25,9,7.326490968808091,5.908430090964723,157,22,8.692331050838778,7.055624201396903,8.308698499078112,45,4.300109917326832,8.621883071850313
39,3,8,97,6,1.475235644216753,1.793815334108836,136,29,2.4877205752416516,7.518290747492199,8.42690234133668,21,4.5182568415704605,6.954278120905916
27,4,2,45,6,5.379378960193778,6.46189607419237,126,3,8.68834710097602,5.433391046996327,8.155522158455181,54,9.788108764918691,11.190336837787449
41,2,3,97,7,6.3943206909664045,2.3642586358289197,118,26,5.416885060411244,6.700705662179144,3.913577430493813,47,9.59199721191162,9.318289342877051
29,1,8,28,0,6.419310796472329,1.2784388025820776,95,27,4.659011054272938,8.249733222184513,7.886744503789528,35,8.201238244768684,2.1838451265074856
27,7,9,3,9,1.2063953014123783,9.736679383095233,101,19,9.128717009509861,4.580957580013207,2.288452220300737,16,3.1749302873726664,13.239338998123314
38,8,5,80,9,3.8989720380626696,7.961850023811075,133,10,6.434658842862501,8.253810107808253,6.919445325483582,32,1.6123358268250272,13.60845948268879
24,7,1,98,7,6.728415859442387,9.820980931723902,100,25,6.18952606416746,6.3281515851015655,6.77411710016495,47,3.852137239485623,11.42019893881843
34,5,6,12,3,2.3409976253431912,5.3009060322001815,151,10,6.028893501619579,2.493109219337076,1.2301281918076121,51,3.4011509449044777,5.5889270092422745
38,1,1,38,3,7.258740834952479,5.790317780340785,95,26,4.3405256441757825,1.2221574150212615,8.091731202318385,48,5.553332201317545,5.996531390327962
29,7,1,14,3,7.713326879323071,2.515032603272172,138,29,8.070787931762144,4.264782403592369,9.129232945856176,34,7.999551190610138,5.8391978399336715
41,7,0,28,5,9.837722714015307,3.22216684000827,110,10,3.275185996141957,5.920266954667059,3.406737506248969,49,8.724906449909723,1.0944952505206986
22,9,2,28,6,2.888577953707685,8.546942934125454,121,1,9.450054640371475,8.558383169831394,8.311516517675358,32,8.603776768694576,13.807661950728502
40,3,5,74,5,8.426176008995036,4.205670824058347,153,29,9.045866845422648,2.147371121262216,1.741653746757534,38,4.237080051007609,8.392896967952225
35,9,7,31,0,5.682669192267887,8.44133476416777,111,16,4.037322931074083,8.201857129152213,6.399710724349594,22,7.185109091146146,6.861785254929239
27,1,8,1,7,4.3611633652975605,7.381123518583286,138,8,7.565173928484974,8.767081414605043,5.370821788008494,44,3.8155077777179804,8.396256729057024
32,1,6,46,9,2.1013908159266013,2.5945383274467897,113,27,6.159008750046323,2.356187383007504,5.913311799781,58,1.5481498891166443,11.39580451722293
28,4,3,77,6,7.619550458387838,5.5670172950776795,88,27,4.038843717993111,8.664348873737971,9.335846816959105,24,7.314087390426481,8.171350039545944
35,9,5,83,5,3.1227183922931836,7.096485893668452,90,1,9.896694831959021,9.923082110585128,8.841837225221681,37,1.0884479731280905,15.67691012882072
23,6,4,21,5,4.342798016857412,3.115334933234426,89,28,1.2271361126343778,7.541549479434138,8.065752915157812,25,4.682643287126397,4.123189665632047
34,3,7,74,4,1.562880042076316,8.476196594680692,96,23,3.27381427559158,8.062927136424893,3.463286119105339,16,3.9644134237186814,6.834902968436572
37,1,0,26,5,8.21230224237567,5.903448917906681,147,14,5.680666550000353,9.949737408029861,9.206367658174825,40,7.240397846669672,6.733946455815322
24,4,0,66,8,7.89929671574479,2.4871784539834287,127,15,5.697577031307075,6.449331254733508,1.8775692321748774,50,7.89620925484341,7.728096576862511
38,9,5,80,9,7.602542470380812,6.2468598354814215,131,24,6.300397674510077,3.770977438146245,8.67996294902909,47,3.7368517237415544,8.586330297678082
28,3,9,55,8,3.69499159442698,9.997424237403226,104,3,7.765085548206273,8.5377775066845,3.9534406511824702,27,8.304643130003683,13.190206188890658
24,9,1,91,9,2.5613206683936154,2.354693424970722,100,7,6.611300474673667,6.530371997604681,1.4839508049578503,54,3.645250844544404,9.851265783899759
22,7,4,92,7,6.737979380232067,8.350812371075753,144,8,6.402533144752333,6.230758813488609,7.0242128581667345,39,5.016937239879051,13.252898318163943
26,4,0,20,9,5.465497457018975,2.865781028688022,142,25,1.4816301662173896,3.2827199996263445,3.081519354843599,18,7.543166743127205,3.935641679991889
42,3,6,46,8,2.6042722021417744,8.041494965140785,130,25,4.3887725901036845,7.80700842624598,3.192140132781687,56,7.236282063023097,6.976178951769746
30,5,0,79,9,7.173201439448773,7.611201308092719,115,4,3.0885016573104043,1.7350054827408663,3.7544244960589435,33,9.8863162508098,11.322749183877487
24,5,3,58,7,9.920137886391734,3.704404470403891,145,15,3.388331004417779,9.318583637151951,1.5731629075226505,32,3.026449217943387,6.359870971020294
42,3,8,83,7,7.724976289678339,3.9324080580800485,94,12,5.989037269063104,3.9324111469343626,2.594144297784286,51,6.960861221856241,4.69849390845055
38,9,0,5,0,7.659877480170506,8.132692527666272,118,29,2.795547834366476,2.149971875109914,1.0462566482700426,44,6.487137174481997,3.381320535971956
32,4,3,18,9,9.552814776375325,5.153009606985814,149,6,3.6455419091520778,4.981298797921769,5.008685689952081,33,9.235886090410268,5.851253668926129
22,5,5,56,4,2.82642730817412,7.577362258406279,80,25,3.133762376656061,1.3822291833087985,1.7582983967617416,37,2.4072592748038755,7.923617367794989
30,4,5,68,3,6.0899496842929635,2.331857326292513,102,19,9.536526488963753,7.161635748384697,7.143873445397791,30,7.766183472282397,13.17090623378198
24,5,7,2,1,9.816820435304951,8.673020037113982,118,16,9.501991589539857,9.124349594008205,3.1206056607248356,15,6.114417546418915,12.339864076776749
34,7,0,0,7,2.487646998731571,7.397962450140872,136,2,6.489474027364466,8.535367064246579,9.492167296316595,26,3.4719928280911487,6.033697201417526
36,9,6,57,2,7.302267635000689,9.162485279513506,113,4,9.3207022185871,2.14632526103093,8.841264646587874,38,5.269914227324567,9.804222892296849
35,7,0,37,3,6.272291313747117,2.191351411314752,120,18,8.072313809215359,2.1364402339695867,3.6049680547138743,48,4.00398937362818,7.232926642291125
28,5,6,14,6,6.278311829698363,6.337130503245379,152,11,6.309530945216279,8.320910340918378,8.048939091910109,22,6.213820625096148,6.862331528297253
34,7,2,33,9,7.279035647680677,6.392085265362926,92,28,1.0579169034711615,9.318288471428044,8.229204141983256,32,9.001005497331994,6.302248950459295
43,5,7,60,8,9.366552305881157,4.181146664921042,149,26,7.952646574714636,5.146028468501402,9.879068027029694,19,6.123744859709818,8.750336335496575
28,3,2,34,1,8.043237458662041,5.12619782112332,85,6,7.322395074296219,5.490740052223893,6.380559881611164,40,6.685501764939256,7.772525953967192
41,7,0,63,2,1.50522493074589,1.3418340696086812,131,27,6.537282879541726,3.864358372471533,1.7376916117929597,44,5.668730624032385,3.744037561186931
36,2,7,24,3,8.6745521788814,7.712740347643108,82,8,7.843818805142245,9.048386064307726,6.821535060337428,27,1.4604895580092832,11.487311676300903
33,9,2,23,9,3.0298719693315936,5.943902314628566,142,27,5.616299482972892,6.804126147631203,6.624817735384317,33,3.0957270118848483,5.15272230300566
38,1,1,11,0,4.392227482627348,1.519669466822564,128,5,7.336749441892052,3.5942641945063163,6.745155196783886,43,5.428015564888745,5.652028436536263
35,6,0,17,6,5.15559532251144,7.12680303664437,155,28,9.41654878053844,3.6890458394882644,3.7643108329379036,17,3.792117553702343,4.540685389088793
41,7,2,14,1,5.328154006777627,5.201038695080691,126,25,4.382245142614776,9.020800657572421,8.737116265722996,40,2.635872379850748,5.458372779469263
44,8,1,79,4,4.916623593298211,1.310151334825,134,16,7.373096514105629,1.1227062151523932,9.635249646598707,54,5.537195577265945,6.051178226883172
33,9,1,26,0,9.43617964794278,9.72646954163286,143,15,5.281190362098629,3.9045391545397456,2.959412616803364,26,3.905288141030653,7.246388586072606
29,2,5,71,2,7.354171068976221,9.542009287804964,144,22,7.069596866325834,5.989210130947321,1.7933694232298,16,3.3229687885607326,12.322260586465418
35,2,0,59,1,6.680535813610357,5.616121745324778,146,2,7.866040019989277,2.333957158893922,2.7508152985163568,25,5.175868756963427,8.149340315840622
33,5,1,45,0,1.4485782500464741,1.843051786353192,94,20,1.4090725039221637,1.8288887877963083,8.38496925330147,58,2.1995583227395583,0.6530685409876043
21,5,5,88,6,9.135219972343371,7.7915909943873265,111,25,6.819403995537957,8.33748697981504,7.089801713378628,42,9.349711597678667,12.322385908037562
27,6,2,16,4,9.184511728075567,5.4273799009515615,147,3,3.040670659662501,9.049639497836566,6.7244260810521395,32,8.809318881273152,3.9309706089849294
29,3,3,92,0,8.02191757087092,3.722027304604419,97,9,7.030292840268101,8.412457787183705,4.6161382159848205,27,7.368585271664818,8.6724258861812
44,8,0,52,5,1.0632628343225723,5.422763597757011,122,4,5.214971673404321,9.08909100763613,6.200451743602922,51,1.955924448296106,7.750069351112544
21,1,7,7,4,1.5155222596986102,5.70199730864918,114,20,7.961974676783985,5.978007739525344,3.7708671274693066,36,7.982895290227237,9.31829336149362
32,6,6,78,2,3.027013320416408,6.064405291201052,157,21,2.110607336850368,8.310323088913076,5.294800714761651,26,8.271615952981172,7.469372561741042
28,4,6,26,6,2.18214467330416,4.971013422897939,137,29,6.636901164905756,4.456383745519904,8.137567255335902,16,7.9098815594290395,6.659993979852347
44,1,2,45,9,4.589524267333565,6.45179772825151,112,9,3.506236560347971,6.996410753311347,9.83117437709916,51,2.0256929840731703,9.2720121565937
31,7,9,49,8,9.303607522790108,9.268612395457396,93,11,8.676837957975323,9.89951978250248,9.392400312308217,21,6.795171613609883,12.582423447452351
39,9,9,70,8,5.2485439077729845,4.26041278388732,113,9,9.355451550726768,3.0315495145521467,9.404793485616239,40,8.508923161744587,13.266219245899997
37,4,2,2,8,1.1206236378894905,7.531448168979542,140,28,9.967584643111499,4.509097716619726,4.620013613624011,40,6.1961806109770095,9.215597763853305
28,4,1,92,1,3.544711206208858,9.050073011418089,83,12,8.16406662184555,5.32042639579077,5.219108924561119,38,6.8176663770528005,10.079645372248534
23,6,0,63,2,1.4013541753566539,5.103813481839432,138,10,7.783606633852041,2.2421393831804655,7.3507185673208335,26,5.1252713148367555,1.2847008478014006
23,3,6,43,6,1.3265886035215195,4.991102527437137,108,21,2.9395068298079594,1.729347494185511,9.299727352461558,30,5.758365878956473,4.669938163335544
21,6,6,52,4,3.48147867785997,6.419052868193016,85,15,4.024063530910979,8.46750579689462,2.277948334168762,37,1.309391725165527,10.1508531622789
25,7,1,23,1,3.480511048110509,6.322660834802393,128,7,5.191142875860516,9.791149355448276,3.738176774444762,54,6.750667197759562,5.453776942800666
30,3,6,59,2,8.084139423414436,8.259304080936493,119,7,7.960429430040247,4.642525574466928,2.2532216013469855,23,1.7330249160204327,9.992116396782695
27,7,7,2,9,9.773511875030007,5.288350454004634,144,26,9.234692785701718,1.7888485257518796,6.508076769635098,46,4.91513134906201,10.591303424391494
29,3,0,19,5,4.340863845009984,9.96510654675497,148,24,2.7022519002068615,1.5923058462151882,3.756708971987838,29,3.6338958790066704,5.051869276150443
27,2,8,45,6,4.859981909749347,1.5352441198055269,106,7,9.301307362030926,9.021863857242689,3.934970672613161,51,5.908851551905418,5.182027960230652
29,4,6,14,8,8.603104926574193,1.0285106372263155,159,12,7.2606218711865225,5.174328247549119,1.638243635391813,27,2.2007470197088637,3.9625083102832375
28,8,2,24,0,3.4132511808596204,6.761784804036615,85,26,6.496936576165347,3.8802458490615273,4.148164556268327,19,7.224790617759863,6.105931231396896
32,9,7,93,6,2.4074362396310316,3.68591421125689,92,1,2.7985714415374554,5.288151441154596,8.762468566614269,25,8.155103832356232,9.5321645807657
22,7,6,77,7,8.677806610632853,3.163441498295354,143,29,1.499725295282355,3.864736852231126,3.0976553070175146,24,2.4701900476884084,10.326016186323278
21,1,7,70,2,1.4185052779605893,3.807091720038524,141,29,6.116184086571459,5.40132197776858,7.256687195890591,27,1.9388177861669393,6.113914310827847
36,3,5,16,3,6.577294961794741,3.304428085944589,98,11,6.863641149960031,8.736007572261432,6.666655104447334,55,2.3096393450862323,5.625512857939274
43,9,8,83,9,6.057935627201261,1.2771104469440306,155,9,2.8970330441921943,6.330712339558861,8.771361475322038,29,8.894148057086515,7.478733768360174
43,1,4,99,5,4.113284027515249,9.743797381515298,159,11,6.008105852429107,7.251883955291579,2.1905915288593443,56,5.753703355807206,10.896521602816852
44,9,2,8,9,3.836705689876231,2.9867093960750357,122,10,8.708440624863162,4.282036086109029,9.798309643105389,21,5.2053489640675235,3.079251835248151
25,8,2,37,6,7.946719535634592,7.606267863303756,153,14,8.51559350909518,7.6465529065946685,6.24365781436329,54,1.9604063719211884,8.461420388091597
23,1,0,47,3,1.7778214968629182,7.863367552247578,99,15,9.346196625276674,6.999553763914351,9.95926737112133,42,6.846004060812656,8.37153333793143
32,6,7,59,7,3.1310587838024686,9.363316582065064,147,16,4.292972286011924,2.076057979768508,9.203632532792657,46,8.811996327055809,9.516628082473169
28,5,1,62,4,7.592038586542808,1.2749451138404198,123,25,3.8624461529582685,6.153785678040261,2.993655449017952,49,8.453672823911077,9.835772381455332
42,6,2,85,0,5.934885253537818,8.84843504602307,102,1,7.744834053827278,3.310691466787822,1.505458089129818,29,6.634492380827211,14.612921815045576
23,5,7,1,3,2.1518938768022773,5.745035627558202,81,17,4.880011645873045,8.236861026702336,3.300751844158254,50,1.6775084498650625,3.5889057923747356
21,6,7,87,2,8.939220528538542,6.692896989692451,101,11,1.7879379762500256,4.833439376202455,5.748072840994779,35,2.011573244584117,5.129092950956408
23,5,3,71,8,4.541030619072324,6.800232494089303,136,18,3.5452101760344976,9.952157486768385,2.54436730358671,20,1.443780883988422,8.563856174684709
25,5,3,10,7,8.450815377899556,8.378180244862548,151,25,4.767240569783402,1.832503941450674,2.5071377006618967,15,3.3173129484322237,7.268452115503322
35,4,4,63,0,8.08941713974938,4.000665899431994,86,22,3.632647829286268,8.023130764661428,5.163341923946378,18,2.2209532044433997,4.591232468753372
34,3,5,76,5,6.619829018245552,7.59746070873994,157,17,3.9898501385258944,7.063315601879408,1.2994117405242258,25,3.3404323622719048,7.865209902005449
23,3,4,80,8,5.450330181655836,5.757202987499774,135,29,3.643983155569517,7.907489475316349,2.0969927427904342,58,4.465522501470655,11.844897115268388
21,4,6,71,6,9.815957563435813,8.140546128748129,146,16,1.3734925046477149,3.767768159414107,4.742752054671528,40,9.48684505664022,8.608053454536499
25,9,1,20,3,2.304685651418353,9.9149142949312,95,29,6.7338523074199825,5.428490404441606,1.5681691828716982,51,6.493384538035229,7.572984147980667
43,2,6,17,0,7.526401547960033,2.805859156633851,130,5,6.375631783181223,8.168576677513375,4.5707955080997635,37,8.514764071146661,4.084039219349758
34,9,9,93,1,2.720716313183101,9.951837774039982,159,24,6.880451486308125,3.092871984587695,5.266056393536005,43,7.39316350641099,11.345922640603968
27,1,6,63,4,4.044367947991136,1.808309388544966,151,14,2.7307890643026473,3.034298771097869,5.06139952665803,35,2.0125281747396855,5.816568529814636
29,1,0,81,4,3.778288690358757,1.0208579311433248,91,2,3.6608908745123676,5.959458579654392,8.822573716627787,59,7.62328365736554,5.547696120577244
35,5,6,94,7,9.523323889648507,1.3974574256004813,132,5,6.5765433425043005,5.712072215768702,5.770562095465592,59,3.4758899340321197,13.362787776690102
35,6,4,37,5,9.706205600094476,4.076041642630855,154,2,6.396648116139293,3.5403622337163956,5.21182416230239,41,6.751970622952357,5.5243382799883936
30,6,2,31,7,2.6471389981125446,6.696156976105907,84,29,5.55697278418841,3.682680854723405,4.6963832085249955,53,4.068657762786897,6.99646375734097
33,3,2,10,1,1.1983164426775377,1.6212658679906466,106,28,4.153719250091777,3.5006064688590897,8.358610404740375,54,9.979050369381932,1.257455793720661
39,7,3,44,2,7.480072356968018,1.0509923307661055,91,0,9.216379042972209,7.943608557986389,9.055509435998498,27,3.3719633154710005,8.779505516187266
27,9,1,88,5,4.761909404834359,9.433819256129153,96,29,4.057932180689594,6.867107790062145,8.679182222774058,37,3.512174236968427,8.396356325161303
37,8,1,32,9,1.7995622057880793,8.397339723459368,85,12,5.100572407935264,8.491754650692275,7.0619192031825175,30,9.376050300061586,9.473773224628603
40,6,0,40,2,7.153786950193383,8.28264854025128,84,27,7.103024478587878,9.779257254826197,2.236255713718068,44,1.221799641726904,5.21197785202557
24,8,4,7,5,5.905949754346297,8.959818479517793,136,20,5.887192877800877,5.267478666447878,3.4918297254281105,18,7.270200890858772,9.098524053760942
25,5,3,10,5,9.824651398009955,7.300308454948939,107,25,4.121973787279471,1.6002449326490398,1.414567573137797,54,7.527937516622903,5.613741801848622
43,8,9,85,1,3.0466854627524103,1.9396371677327329,157,13,4.920803114108589,1.432830793708319,9.377416674911027,30,8.527407196693595,5.797875884208249
27,4,1,50,6,4.635800886938934,4.591901692663507,148,12,8.150327360681555,3.6609853534445724,6.947186767218193,45,9.769953795746279,9.761712452571214
33,8,2,87,1,5.882912230558806,7.508345378181666,138,26,3.503162399379512,9.392901304172058,7.717265958819174,56,9.780417272409872,7.494360309226883
35,2,6,40,5,8.125299896080165,3.523010147123688,112,3,2.2802971579913387,5.708917494737874,3.8041456562400606,39,1.587490818098175,3.4158760446625696
31,5,6,16,0,5.939547910480528,7.186657277226138,141,6,3.818468816467994,3.4460786447211627,8.610881700496082,58,8.396553904776123,6.642275668320833
24,9,3,75,2,6.516101447757543,1.220486034408871,129,21,8.645807939391112,4.592501150599176,3.3364295533763064,26,6.816789402916432,10.189270561410261
33,4,4,45,1,3.035323464309467,3.755236067916339,98,9,1.80090743370712,6.387355966642037,1.0147938140120472,40,6.826079209357821,7.514737621008958
27,6,4,31,6,8.622268552797038,5.9421730264945545,148,6,9.925264660352067,6.87654692324058,4.3877346626862455,51,2.155149339532253,9.108280862169366
39,1,5,78,3,4.857674922734281,6.68880846555618,145,20,5.869026090348963,2.385275588046145,6.136853328631661,47,6.85168449801088,9.630656578731344
42,9,8,79,7,2.2686366476959234,6.193365980157197,126,14,9.863611695703845,9.793285088906584,5.3083437216897025,42,9.84234322541123,12.381390822684113
22,1,1,53,5,6.977691230548756,7.279806484660865,118,14,9.450967798773798,5.9029500428451,8.758685283189372,23,9.206367125855023,12.791703451105361
30,5,4,85,9,2.9448140786677675,1.0547987341585516,147,3,5.075323427898251,2.2211948601305136,1.9486475736055024,26,4.952175947243655,7.720073234527009
33,4,2,91,3,1.8780625921536975,1.9084707997976933,112,22,2.786419671448142,9.042717280115204,5.98441096570353,19,1.359531759574849,5.395596463324851
41,3,3,19,4,8.75788217563845,8.820498270512307,92,22,2.483962989086246,1.6717458797148592,5.616814148388167,42,4.260641410001844,4.096082275452423
26,6,9,32,8,5.141460380395957,7.135737796811451,133,5,3.1599042748296178,9.169618898597614,3.532536839549467,49,8.437512804404996,5.770528040789106
32,2,5,73,6,7.743553414261988,2.0163847841741016,86,23,7.3911937650808355,9.969090906600842,8.400053013193094,19,7.313491913186494,9.531322644814926
32,3,7,39,9,3.6152880382571957,8.578669936587213,158,19,3.4565499525833907,7.303886192408535,7.775637902939857,48,5.134092900345608,11.720346429390414
40,5,0,31,8,8.082731214258997,3.180080960421102,93,25,4.072827426438685,7.934024989665908,7.595732685986479,48,1.4959138164294798,4.894459463097583
31,9,9,96,6,2.007423343193773,5.304338957757011,98,4,5.039009235951533,4.035725528207378,8.885732304426003,27,4.842052550409724,9.643854472940827
43,2,7,1,0,4.203760364153674,2.3067686159619427,133,19,9.219094123793107,9.474191674605404,7.505061405593691,53,5.221224457460951,5.673763675185331
27,8,6,96,7,9.802556361761757,7.39099050779536,99,11,2.704540760963615,5.767425694975309,3.086571625432538,56,9.356999796047223,12.307605450445541
21,2,0,32,3,8.145907447312055,7.0016897891284104,108,0,1.0452389734882281,7.591496019377994,7.3500644048472195,59,6.769774932239435,5.220466995991876
21,5,1,76,2,5.475303372832194,2.9000122404952258,103,27,1.5408676934035315,9.316969443201515,3.7693253205085946,28,3.80487624989184,7.8909517507015545
40,7,2,29,6,4.057997244056966,8.770606901713016,142,7,9.142897075121061,9.776619783779575,3.179571853127235,25,5.727864380056492,7.769416836392984
33,8,0,32,2,8.849221300202288,4.61175421797741,153,0,6.827648183590268,8.498839209370068,1.657032336096646,56,1.5944977703994407,6.425568395824834
29,1,8,76,7,5.903629831760641,3.6326358196366764,136,4,3.457365573950261,3.7271575628382703,7.69625722312909,52,9.75311412084763,10.255075768333096
23,6,7,25,5,7.825825160822,2.370966305180819,87,21,2.59473250910072,9.698927648968741,7.3990086575483005,18,4.240539117376534,5.9176929165123875
27,1,1,21,4,7.786969122845476,3.395512112639837,141,5,3.648400629734029,6.653075781192146,3.1104952990668435,47,5.3008061942182225,5.151166982566433
26,2,8,65,3,1.1615111071164264,1.198242291014353,108,28,2.033172345261521,9.375782287167638,7.744411150517403,21,4.197555768132304,2.7820528914062597
28,1,6,37,7,2.136284045133521,6.24931743210504,153,20,9.47379619255997,7.084945232329167,9.260567947841977,55,7.142605571045801,14.003964919581513
29,5,8,89,7,6.93666429755268,8.580076717095531,96,2,8.057855569287401,3.7651506566294843,1.9722606174242134,22,6.960089424966338,13.368891842506688
25,9,5,45,0,2.454578301572843,5.940824044974776,145,14,5.161520592212867,4.330220717285344,3.0937297454809745,51,7.43790079476222,6.862848317704177
21,6,5,14,8,3.2994401019004425,2.9734656573148817,85,4,8.784663446036816,5.954245993926464,7.75234714678584,24,3.4132890665072875,9.069371272145197
39,1,3,97,4,9.519741587796464,1.3030226039248545,137,27,3.2451238386390906,8.110133574038938,3.4705600615637042,57,3.841016330476594,6.267919750113679
30,1,9,43,3,6.041640325374207,2.9316526593292256,148,23,7.4540851162497415,3.8618429620630144,6.621975768553451,29,2.1272610798658715,7.979146718577636
32,2,9,48,5,7.756565562994124,4.74509285263983,107,13,8.705192491123691,6.217580495207729,1.7304780201734307,52,6.899589746615013,8.876880933234249
44,9,1,74,5,6.021826649043759,7.836502858298168,141,17,4.210918404609453,4.110624942187614,5.069822311931849,29,1.358174146020873,9.51860236718607
35,3,6,60,1,5.972622533044527,2.690585672839967,120,15,7.817180009056459,8.341924641715964,7.651822797936577,19,6.379141019711131,7.629264661667888
42,1,4,66,7,1.8473671911312812,7.478123080192175,148,5,3.655651143378784,5.200552843911554,7.178625487389272,43,8.827262963664705,9.67787115513163
44,5,5,5,6,4.092968733481928,8.802401215166952,120,24,3.689714217331277,1.690505441675967,8.335648906082262,33,9.0174893346067,3.682828231859586
29,7,1,8,0,3.5418780881786054,5.0855216329752135,128,23,1.9635146069876745,2.4944726933338273,8.89706913942852,24,5.041339843329655,0.45741727349308325
40,6,4,5,4,4.516555290522519,8.39288792478334,128,13,4.960522418584588,1.5499420085766906,7.958651511328824,26,5.133733193917664,3.423449520207484
37,1,9,72,5,8.185097694018955,5.99191613231586,155,26,7.5674071584768,5.493726514128927,7.044289686450334,18,1.6927226470721561,9.321987313834956
37,5,3,94,3,4.347394011251784,6.7338175337281445,150,23,9.461987250141565,1.9570356761340446,1.2855024263442805,45,7.036885228987321,5.842631073903966
40,5,8,31,1,5.065271373085144,5.736506143043824,82,7,6.434172927361865,2.027259723786689,5.814700060684997,32,8.39133478335561,7.186947739790754
32,6,5,40,3,4.576432514367848,5.168554450762076,89,28,8.76821983962165,9.469434340345394,1.339279524233675,30,3.2018954914424174,6.647016978588216
27,3,1,75,0,1.8406717477776604,3.1118809759826442,114,6,8.402451843612043,8.853895649584498,8.272610354044204,54,4.791707934700282,8.430434132267516
22,5,0,7,6,4.969649424257053,3.7287465351494147,159,7,2.560087476777528,5.068779371302294,3.886520720139618,50,8.549554030887432,3.9288393425501194
23,7,4,71,1,2.7604834574006354,3.609731070492481,81,12,5.372356860213683,9.872247887651852,6.061864367061288,39,8.894084208960592,9.972069947935424
37,5,8,49,1,2.680509661957373,6.069600378584332,103,5,2.0523118197285233,1.001678753535968,3.5150077658701235,37,3.1886198223780333,12.098476177210669
25,5,5,91,8,1.8463249399083972,2.0795832372150094,153,17,7.1393784540547145,6.525815106460544,8.042501299422643,26,5.955135710872278,12.239336873078498
37,5,9,61,4,4.210038767275883,9.251125216321016,117,1,9.549097014214684,6.5478535963468305,8.978522739777123,48,2.7324383557224436,11.709765068559593
44,3,6,83,1,7.817336963104756,7.485896307548019,101,7,2.2338051227088087,5.1169875028289935,4.587782447917576,50,1.916908877256009,8.134243138238627
37,1,4,61,8,3.4879752152505645,4.6130106782187426,105,10,7.604948177222871,4.572531756408636,8.766301541598901,51,9.200084512527617,11.462006080591259
37,5,9,6,8,3.811141916969622,2.427617300737402,122,0,6.690143357810749,5.098448219325468,3.4036750671069917,17,8.384567538088984,4.118767335896818
22,9,5,74,0,6.784071919051812,8.937929527494724,134,21,6.252445333072898,4.734643924717124,5.811948307679715,23,7.840314116228565,8.8803583310558
22,1,4,83,2,2.76256731328227,8.414002810910487,118,28,4.511082112195053,7.574432297340694,8.728852868548335,32,1.4388968693182638,8.07858454939168
42,3,8,79,3,9.07262137381181,7.495493974454614,108,5,4.196184829784313,2.2181989147595567,3.9329320835421133,57,8.593559134392317,11.902647231268912
43,4,5,3,6,5.68171470926399,3.4439234267011813,99,15,1.4072427011699906,2.778752985320171,9.586380385702771,49,4.942396683148454,4.99197827168631
25,1,7,5,9,5.028426462881953,4.62201973690302,120,26,2.9611783742681212,2.624664055531812,2.0969155160324524,48,4.081556109662737,3.7347988362802917
21,1,1,57,3,6.020381727362812,1.9247342720718104,133,19,1.1365919405814422,3.362235266091381,1.164475627511556,55,5.9182872492283884,3.5053499071800336
21,8,8,21,1,2.494308820745759,2.7013557225477856,99,11,6.232753950238185,5.72732576903425,9.137218173203715,28,1.8221791845120023,6.743147688599599
39,2,4,25,6,6.521258247752587,8.047149735850596,98,10,1.9526791229011797,2.0008787260439687,1.6178379953308502,18,7.80981894417159,4.99950108285338
22,8,6,2,5,4.2679066297060935,7.435348469656154,145,28,8.857174546267444,8.813523657938537,9.927002763527426,43,6.241915691994663,9.512501891923
41,7,9,40,2,9.07467706868157,6.341371866783412,109,26,5.708287186274487,3.676253781776251,9.562571757811956,55,2.6793108718585077,9.211544608293458
32,2,0,59,5,2.5196878600991752,9.061540533335556,132,28,7.297209181528376,2.462841887218371,2.233188190326886,59,2.6940897979214102,8.782333715011623
26,6,9,13,5,5.56345993478897,6.249398660317409,113,9,4.697713826564469,7.08059178638419,5.838261631233093,29,2.658237864154068,8.092132318761745
43,6,4,74,4,6.383013664321162,5.202711999672497,101,2,6.045218281009438,1.3427767053938735,2.664282677204299,42,1.5130214879674058,8.883421044856041
24,3,9,81,3,1.3004524160774311,4.063336716751865,146,12,9.483932592699674,6.579717083867478,4.853396557271079,56,6.290186044345163,9.740036449337936
43,2,1,11,9,4.273238122805262,9.464036551625552,85,26,1.744606356613037,7.283785876088498,1.552826163338494,30,8.563133598296574,4.364932888135964
31,1,5,86,0,7.593717112307496,1.7444391537191815,158,2,3.2854399473132654,2.9342487824804726,3.0153212901693056,26,1.1574839258864973,8.796812820791509
44,6,0,11,9,8.38339756704076,9.377986348547276,106,14,8.019894942194899,1.3776766609927087,4.269455167590095,19,1.441041804741462,8.911723599563526
37,5,2,12,5,3.818457953355541,8.440431939379165,89,15,1.8886348619439928,4.2728082302750465,4.947827502214493,48,6.154932490182512,4.07400040254148
26,9,4,24,1,8.18733945144476,2.1693693208213114,152,28,1.6809499351369976,1.8873480721774283,9.79746632388004,56,8.375461168474471,4.441088202060978
44,1,3,44,2,9.7098028939305,6.084859219077282,127,12,4.253872588786347,2.048300647060034,8.27079081115583,15,3.9406500151177024,6.750094245958466
25,7,2,18,7,8.711865424675846,8.798931835741783,149,16,1.829511626251891,3.288351083003781,7.636689498807516,53,4.1465295892695,4.75604925251254
40,5,9,54,9,2.0587958934339268,6.146282472464383,138,2,6.265705979855828,3.659211321640834,5.833371832677768,46,6.367118477470983,11.264729741622082
22,5,4,99,5,7.657572988769866,9.1647983940456,138,19,3.0364772573493983,5.769733069192785,8.559979845439091,40,3.467916002117323,8.503728696784751
26,2,7,44,2,3.8770014919649025,9.486854351344382,81,10,9.06128166879435,7.1055269695271175,4.0539055209014,31,1.2394752946991572,6.983821622246143
42,3,3,7,6,9.895743904708688,4.801460699658753,108,26,8.05150072760731,6.334938467831663,7.380092014959844,41,7.617056662914365,6.490403740280891
31,7,0,92,3,5.3682308484389845,4.395822952656912,147,20,7.297346854895285,2.335243035605651,9.944055778403548,38,6.630849216473078,7.659681125177318
36,6,6,52,8,2.1019050852304693,9.42689038572241,144,18,6.552496246460517,2.548774292073638,3.8316601804167894,49,6.226803991500932,9.650947417484279
36,2,7,54,4,7.5266699322465165,7.076260550347013,105,21,8.771191573073171,8.90892324813623,7.066157813955706,56,7.675157160926408,8.300555951269125
21,6,2,31,2,3.9071007854759245,2.0442041321335234,89,10,3.0075585538848117,6.025170835577023,8.598833777371443,53,7.0770775380583375,6.474859019146715
29,2,5,50,1,9.973703413734956,1.3806257430041309,132,29,8.857979584878048,8.8294404960792,9.24226825015605,40,2.8529378936048904,5.881764410369678
26,2,1,43,1,9.818042120690697,6.081661458975368,158,27,8.105430685816472,4.343918601878869,7.461394218460916,52,4.17232942249016,6.38447616774665
36,2,6,81,2,6.905206162185226,9.37153868894582,138,15,7.73344743748917,6.5296000668819145,3.5524713107542265,37,2.134991275107625,12.251127733064406
23,3,7,69,1,2.168438040565458,8.598238321652365,101,20,6.051301102674317,5.712970744491496,3.9365393641205184,36,2.168713120760929,6.513607144976616
40,2,5,17,3,7.1817489790752616,7.082629718179028,130,2,3.216197448735401,3.8721114083841632,1.1868222891156779,18,7.085761717208853,3.5783432463579876
24,4,5,82,1,1.8372743781402447,2.2520426400197877,127,21,4.8119312439270665,5.229238348302358,7.847973799043587,23,8.727400962842484,7.796018398777614
39,9,4,21,9,1.2642774319215309,3.2880824537382605,100,5,8.142135890849215,5.522417891442388,1.3846564545575624,18,9.664593254750251,6.879811574728977
23,6,7,36,8,8.406626015993375,8.879601038973545,101,13,1.28600635921592,2.806938772810107,8.781871191424711,21,6.655124057945,6.365955243189457
39,1,0,95,1,2.887776529153132,2.6452651299121044,109,23,8.038456923373825,3.8350933513905843,2.0679455302708494,37,2.6569119102486125,9.304486307133114
40,8,9,55,8,4.411244135971876,3.505954674253911,104,17,3.1606366643880985,8.12268775456278,2.546888609223318,16,1.9508531090403762,6.433322163412615
27,7,3,58,5,9.761116509785559,2.1664058607589776,107,16,2.2987828064944273,9.242094155087145,5.2887382374901355,38,8.31565874383082,5.696521932706172
40,3,3,2,0,4.031564516749929,7.0849740827297,144,3,2.0413118636227194,4.238146841907695,7.6409237365186815,54,6.208808287239993,2.1029124859979658
29,1,2,27,3,3.6684080315498373,9.495840748268886,124,22,1.245250107557336,3.7627505398811634,2.2510198467916993,45,6.564565189123479,5.570567443158232
21,5,2,73,0,9.263871996604976,3.4207122843584736,147,14,5.712278366993076,2.756774481146943,4.960639675598486,45,8.033158798792384,10.251664617198818
28,4,3,34,5,1.996736007870623,5.2786594706506635,86,10,2.9643388542435654,7.106420517855231,5.345661469690943,54,7.329495049592064,2.0469271250154586
27,8,0,60,3,7.836241691031686,6.709057657400838,128,25,9.904885892016685,3.9078973149970357,2.9105707750173218,57,8.51012427570487,9.333611200631385
38,1,1,92,2,9.892590099874965,9.995196233940677,88,2,6.169930802849852,9.889745851892696,2.0400253901256855,48,1.5059251491389063,13.268967085082341
28,1,8,53,2,9.11166409697184,1.943272584978149,115,2,2.2409674242040936,3.931163218575579,8.527788306870756,38,7.727685730718544,6.097579660260721
21,4,9,62,8,6.865011268357834,5.487137195551382,80,15,7.198862867302288,4.547224421043653,5.52219084786489,40,8.657674815898858,8.700102683830341
31,8,1,78,5,3.826547154934588,4.4660810791225005,89,4,9.079692098587527,6.430007765908313,1.1294311238573767,30,3.575215382124829,11.096282932920026
38,5,4,96,8,3.2888978306048506,8.792381487001197,115,20,7.706615458326529,8.215158638721745,8.226831711781934,27,6.764025465939276,14.252557419245655
43,2,8,6,4,8.37329594384315,5.283709579104903,152,28,1.687958749355029,5.225667988110703,9.827144248731264,29,3.827458574532749,6.178670323148735
30,6,8,75,1,8.918397225565258,1.9987977212663328,125,9,9.062957630733935,4.803904304100625,6.453335758728226,41,9.621739598342087,10.948480767059653
23,5,7,48,7,5.728914212911236,6.709817307579253,111,18,8.145364472739683,9.960740502353275,5.533375483756637,18,1.300812151919534,10.339809877878057
27,2,0,93,4,3.1990594670781953,7.937025564374918,111,24,2.424735100950529,1.0944427702595,8.905742767404655,30,6.218135594496595,6.122882545631905
36,3,0,84,1,2.016488875700562,1.0259312649905312,85,3,1.4660729985953518,9.055587599661212,9.572651107161388,44,2.498531923445636,7.0763473671932395
36,9,8,30,3,1.7846152104864805,8.730610168785667,127,28,6.015795177828776,2.342267433457637,7.790832243122145,58,7.4099818465944285,9.123876269520872
40,7,7,57,8,7.4716970261847,2.6742070000509908,117,28,2.404322302059792,8.07332748588022,5.009076367608591,44,2.583012550767959,4.685044086147149
37,7,9,60,3,4.7810685506295245,5.968624281880401,96,18,8.51131857335745,6.561384038616682,6.329992593982964,50,3.1184493570852183,10.902181024663035
22,6,8,23,3,9.148238868500833,4.742177506187051,153,10,4.225011910045064,4.076625569482829,7.308418285161993,17,5.449337299411823,8.183129653763794
21,8,6,19,1,7.657041706540873,7.476884349494774,106,1,9.216032002629179,8.864874599689166,2.7484621390162127,36,9.233514549971902,10.759409820705207
36,4,2,36,5,2.7213437612312803,4.340454533071677,133,9,6.091193549269052,1.116165051828928,5.024809289947942,36,2.9054293493317376,6.61076891749781
32,8,2,3,1,6.5239967693412915,8.827868590135397,129,28,2.6440514581570134,3.040215868674313,8.468391382455565,26,2.298160190062932,1.993245688945265
25,4,1,91,6,4.919549089583434,7.574467248629112,114,10,2.256389806238201,6.102035166245824,6.892528136485987,35,7.830791486686276,8.112618646314266
25,8,4,19,2,6.1952475769175175,6.829418539566293,104,24,6.188251938019786,4.163880340447282,4.700836604906687,18,5.505575791005379,4.079151377857631
43,9,2,59,2,7.642622110046655,8.166165360065689,107,19,7.856952506761996,6.4933974578649485,6.970262806132133,45,9.206066011435942,9.054771491499208
29,3,5,23,4,8.255762929034116,7.7862073143554404,94,15,8.033550829679639,1.2169917406780013,2.064001708652139,58,2.3195310144385806,8.081088025944519
29,3,1,49,2,8.593635937660519,1.32344807429398,83,18,3.4818166399715316,2.048130374335413,4.613478495083887,45,6.813351037207354,9.089197513580274
23,2,2,48,1,3.2857738711482227,4.552609184603453,152,22,2.838220830209507,2.143866161965953,8.138156841667508,37,3.0959123153663355,6.519002759455924
39,3,4,50,9,1.2800403992562193,9.377265675848408,106,23,1.1508067404314417,2.7035528132440847,2.984579084229832,34,2.4108438578647537,9.290602572630917
36,3,0,95,8,7.653652616482958,2.131518420930036,105,10,7.112792360810524,5.133982967204885,2.6736535680167592,29,7.150864736415435,11.042642713906975
36,5,0,35,1,1.9570935363019712,7.633868953888461,98,13,1.6891143259018508,7.769158295892141,9.557367939247882,37,6.343161579178599,3.726880476820441
23,5,9,97,1,3.834276297516709,9.771326302017966,96,1,4.786850815893333,9.14984954136011,2.8890786662760766,42,7.793447125260981,11.478785929078244
40,2,8,99,7,1.0343542071191243,1.4697876614047447,122,22,6.415139476164665,8.518352772558215,3.3482672168515126,30,3.785163188015641,9.592688909965961
44,6,6,65,8,7.135025341614581,7.139744925639494,120,27,9.433980504277093,2.771990845981152,9.726543450139042,51,5.03174490743971,11.705484758966412
42,5,0,78,6,2.5041881032409914,5.213387271709274,121,4,3.8062192326019177,4.970354970075691,7.612377132385231,35,4.6492450869737665,9.015262305324544
44,6,7,33,2,6.897541687224924,6.2125772983725,129,26,3.247949462018678,2.794704379826815,7.296368797211754,29,9.856805175698629,6.004124398402758
21,1,2,35,8,9.925683554510549,1.7680720283589237,119,4,6.887441388574886,3.380246350004717,8.676337454691232,31,3.630240610654491,7.2467695647024195
44,5,7,5,2,1.6540378444901465,1.3870625668024554,118,18,6.573151288482235,5.531922833606975,2.0424077401311482,51,3.653355145120902,3.172551808906676
40,9,4,38,4,1.6937021075631462,7.001799944958295,102,20,3.988988049773121,1.6129812225117028,7.353606129220065,27,4.190933879457466,3.580207898586544
31,2,0,41,8,4.063420834000074,8.40978486838646,131,11,9.352916519588078,2.9635689663394587,5.53319748395415,33,6.081346731612894,12.337202481844479
37,1,6,57,2,8.797478628262079,8.038138014396704,126,17,8.603760947406695,9.418403451764055,8.462355762557259,44,3.270904698373707,14.743752782638726
28,9,4,11,6,2.9397688191219866,5.894251550796136,142,3,3.0158429127857302,5.195046633926401,5.573275467986749,59,9.237609463413465,8.067263074121835
24,9,5,2,0,4.243400379373128,1.8988013902256036,148,21,3.1522829089107085,5.00847873380085,6.582172188420209,32,3.3911700837963714,0.0
26,9,5,17,3,1.6165486596428162,7.192399994524124,122,16,5.610703121983725,1.13110439276151,5.299679137595824,28,9.062341584041752,7.787689252396793
28,6,7,39,3,7.868397621330004,3.1769999519873133,127,9,7.962148915576483,3.2265977235251118,5.303430312002597,50,1.9312755728192619,10.47235191720142
40,8,8,20,6,4.6747570848350595,9.199618324906453,113,19,1.3963634144961796,8.796631923839632,7.911729802556484,50,6.909064321596871,5.829031174511198
23,1,1,14,7,7.833238597547585,8.544388235911345,119,5,7.24001638361236,2.481655854328019,6.657097605825549,34,9.162869665944193,9.270501363251164
36,4,8,96,0,9.132470599121156,7.3844467037865185,154,24,6.834123076438873,4.73612445581249,6.699368814484694,33,2.518744945584066,10.149624236578381
23,1,9,98,4,3.094868323911599,9.539613602480173,140,13,3.083320863216894,1.1289781528030112,5.052542354483732,59,9.714942640893295,14.312557248049451
38,8,8,25,6,8.266564273059561,1.2827963936014564,129,10,7.132177119172139,5.305019335035002,5.779985467037748,58,5.075950243739605,8.345108037485877
34,1,9,7,3,1.5318450107042794,7.625803825546858,146,10,9.461648721268743,1.1891899605359544,7.711458995843086,21,9.51143597596922,6.641274154499885
38,3,9,99,3,9.089626493622227,3.972185014027648,141,28,1.4210726047459166,8.3764859775922,8.433468272007264,58,7.091380392670423,9.95866339148756
22,4,6,93,3,6.856916928028726,9.154592971177287,137,17,3.876868497628563,8.423683907383932,7.269052619296415,18,3.7142818288619637,12.700378330187977
42,8,0,86,5,8.868040517245163,3.4000767699577983,112,26,4.943590449997197,8.08967969472133,9.316656899611148,48,2.6947227242539578,8.280526564982486
23,6,6,41,6,1.001695596009237,7.523708493835153,154,22,9.093343230322207,3.550276620020064,8.382916793324808,16,3.7336154160258945,10.30350278336689
36,7,9,43,1,2.5217296332039325,8.898823176857032,95,21,9.660353019482411,8.535134963996363,6.056774108285666,19,1.837156683364075,9.746454265712872
29,8,4,13,4,4.507834486838428,1.3749113654441418,127,17,4.997037218466991,5.886983193447424,7.042654653793631,24,2.294811697089968,1.9935108394114143
24,2,5,77,3,4.415526130372467,4.578828216328326,89,23,7.75025570927972,4.364272979803022,9.336774492290765,46,1.9419439631183302,8.911835844806616
21,8,9,1,2,3.040573446311596,7.860781288197448,117,22,5.784949213880347,6.627969637338097,6.572512398187525,56,4.8064918936740195,7.172350682569649
24,3,6,36,6,4.4345074588048,5.0942700055682835,98,10,5.840046412672389,1.111069414543366,8.423262531818477,55,8.160205386318278,7.751696576653447
21,7,4,68,5,2.1596384080022935,3.4052736681423577,115,20,3.502895635597208,2.2866478984067693,7.199294532309883,27,2.2724519879470617,8.440235048961
34,3,6,37,6,4.714850163394234,2.97824813940871,138,11,2.9526062127749158,7.680641843532365,5.9674272495441985,53,2.172883898551023,5.461638820876835
41,7,8,40,4,8.221188962433377,2.183664402247401,142,4,3.59204811331637,3.197454478445377,3.176543758738178,19,6.790860545655977,6.460855807342452
36,2,2,61,5,5.311630567930161,8.71416603870654,156,22,6.006952065313714,6.382082055958747,4.833977675215853,24,2.7746468377125963,10.560433690518273
40,6,7,59,4,1.1620008005069349,6.178198629264004,125,8,1.262396674198801,4.465923425407267,9.70968542350344,24,1.8784903429809243,7.668323372115505
44,3,1,13,6,4.792996374213226,1.6874645049231038,82,26,9.165240499207652,8.693252009193353,6.9198884494534,52,2.5016372038501986,4.578192026270131
28,3,6,88,1,1.2445751448175975,4.4432229121357185,153,24,2.406553385947986,9.571737753969792,6.079558423050907,41,9.313582562890986,9.087656494518919
27,9,1,83,4,9.696190696361183,4.309602857245989,144,8,2.980798091842479,8.952082555331714,9.396609629754046,35,8.393241274985717,6.8273477276458525
23,7,3,1,5,2.147085634805821,2.6356527163851666,87,21,5.664485588028817,3.43557995224237,6.2786060293370385,22,4.186581061195847,2.417300695572961
37,5,6,69,5,7.3691949369755685,4.919568629249716,130,9,7.3910328970355135,2.7474658214147403,5.7347426657566265,15,6.9023869059465355,4.710305619158528
21,7,2,16,4,9.754986906028773,3.988894288538228,152,21,1.8615614926995758,5.269914042586615,7.833797696351847,42,5.835481063012343,2.7588544770892818
36,9,1,88,9,8.434351464999146,4.076233349429643,85,18,3.8592522779244596,1.0660073575256224,7.4139905708789,53,7.094118371343075,11.727439420343156
32,1,9,27,6,7.293838376135833,7.651239020091628,118,0,9.718071450169214,1.2322845357686356,2.7384400756758946,28,7.1440403721648345,7.117398751363879
39,7,6,65,9,8.555148185506901,3.009370469546767,139,6,3.3610867010285115,5.979615756607001,5.241774471167091,35,6.658606135539936,7.148920359367689
42,6,0,34,7,9.836188239345649,6.7767396296981985,107,3,3.817451305568322,5.684044637487574,5.252638985376267,44,3.3949123168357773,8.371758346851694
43,9,7,4,6,6.592100475281766,6.135846614928414,133,0,8.528486415562302,9.95123790131734,4.4040206371901025,35,1.351057786865363,4.221625050446168
42,1,2,64,4,6.032663261463938,6.1128326110408056,116,14,1.4519298852140974,2.816576518273823,5.655641339370278,23,5.10010103791098,5.696490836524745
34,4,1,39,0,6.654142994169533,6.967066115275983,88,7,5.181518519280738,3.3229353624442157,4.7179665795442975,31,9.018764962216334,8.909867972933537
26,9,2,75,4,5.794082980853995,5.935438325760885,135,11,4.416550880065032,2.0218657809365803,2.7941094052406483,19,6.125475326667183,12.612711751537656
26,4,4,55,9,6.715801953187469,8.913296033617462,138,21,3.8492808391778603,9.257887086883702,4.71129838547213,45,8.491519375317171,9.765774472409195
33,3,7,35,1,5.0485798717530335,7.080220827552338,81,21,3.571296346402881,8.000301200126057,1.6504925281585894,54,9.924619086651052,4.504508737519924
39,9,9,44,4,2.965988645949764,5.9226692623424935,140,17,1.822366943743683,8.401052003111626,6.182072764969704,52,2.4725458372444864,4.832088943498632
42,2,6,22,4,2.0822250386050807,8.467868082588804,137,14,3.833432464164839,9.124874091680578,8.682890940470006,57,7.225998752277841,6.971771852964892
28,4,6,46,1,1.6150684197903435,6.455319084401317,139,16,1.3874716244410172,5.7240998805325445,7.527583759190997,33,7.068642163300222,6.115017859406034
22,6,6,30,4,3.3698420537788008,3.620298230066611,119,28,8.028674772799917,5.060738723056513,4.243546360487001,50,9.819599026224505,10.450401103634327
41,2,7,10,3,1.4151120790216045,2.863854263589141,115,13,4.584050145622105,3.9735232629905486,1.7836408501957737,47,9.870406605575203,6.625897250302151
21,8,0,9,0,6.104537019274471,2.370950070964109,116,13,4.995134490879204,6.302931529130699,2.819344593027437,27,7.1801075055171655,3.288005495345343
35,8,3,66,2,3.5544560232116824,9.095096912914915,158,17,9.042351278051184,5.088505571108403,5.909413064453521,28,3.1925331278397486,9.480500680897281
21,1,5,13,0,8.420813272783288,7.3912188861825925,97,19,6.922494854750987,5.064090279450176,2.8635137504472956,47,8.187002543175392,12.557868353637922
25,3,8,79,4,1.668167856895478,9.436405943478887,142,17,1.072531930079078,9.43235077358025,5.895758001564707,43,1.963262207899343,10.179940940756637
36,9,1,73,3,3.0371634490733737,6.429626251434487,101,15,9.488573406651565,9.856283628512172,3.0843912228750905,57,8.026293737544659,8.39053015584322
39,5,0,92,6,7.572215323811313,5.260607933454213,90,0,3.134300193799401,8.168359503966226,8.640314825284655,50,9.191765117302268,8.939878142754202
24,6,9,9,4,6.3892746674514225,1.537448400738004,137,22,1.9685276628387296,7.810822812222355,4.575443255564137,58,4.4455005529159175,2.082663572095834
23,4,1,75,9,1.5804214412425077,7.044780533914268,136,26,7.91315360542794,7.125023456011913,3.2099556335004196,24,6.675717654847724,5.077638694768928
37,2,6,93,3,8.895155114459804,6.23987883791408,156,10,5.504295842800463,2.4946736710016233,8.310935622223553,45,4.871284588871436,11.538499482355036
37,8,2,0,1,8.895355865435615,9.911880042288592,83,14,4.903935094162158,1.5319523878808907,4.085550683249057,20,4.939885494893156,9.289582070009631
32,6,9,4,3,3.9736720348819645,3.152429000040187,86,11,3.245527717144676,7.216536836019368,2.0033891905490373,15,3.7933380019730807,1.4301925858635154
34,5,1,19,1,4.0636525901460825,5.776636197581523,140,7,5.927243408760868,7.559076000309184,6.133685422632775,21,7.859166584052922,5.620778673551448
41,9,6,7,7,9.901255225151566,6.858616016062654,133,21,3.469461446823287,1.4227569198832581,6.234077839941898,41,9.425589077498547,4.921685347788074
26,1,1,42,2,6.635585544338244,6.801320572681092,147,19,9.114247047583609,9.352465752059633,7.432261077121607,35,9.46675773311015,9.142658596411302
23,5,2,75,8,5.781848685112532,6.0516418865356245,158,29,2.936840317598735,1.8202657550020978,3.16197489887547,42,2.5730315638744043,7.5237532480623015
29,6,6,0,3,8.543369651967321,7.992352092945029,80,5,8.959196354101781,3.5731048039408213,4.993942051830206,30,8.872692846909095,5.665611825885751
25,5,3,56,5,3.5676130452158477,2.844830885741348,134,2,6.034648831546213,7.05150831518834,3.541311271383906,37,7.6368829728440994,5.961862674963003
44,6,0,63,9,4.862643340567212,7.530644802469743,82,27,8.456393205057168,2.528853349640287,1.728583625041193,34,3.2755366062126035,8.067413992852096
37,6,4,83,4,3.4099900793950075,6.577611142897803,157,23,7.415613962748595,1.4987429959801999,8.889524443143024,52,1.605561516293631,12.569164351882694
34,7,8,27,9,8.102447619298584,9.06467600615116,117,25,7.270256002930737,3.980318402477348,7.5598282403950705,39,3.4119754019594017,12.524268518807801
41,4,7,36,0,6.160144110716962,8.624749951302235,80,29,3.9191122692555016,7.893744173696612,3.713167535129206,42,9.20987413103373,5.898388529939173
23,8,8,46,8,6.929425631260635,3.8363233521929794,117,12,3.1050723832498313,4.723108110867344,6.394356935847877,19,6.6986080740619505,10.441475388986584
21,7,9,75,0,3.270765248554659,3.4861359247763777,108,12,2.8979760491270934,6.876756297171454,2.811374093210252,35,7.489491948080847,7.135740043146867
40,9,8,36,7,2.982027712395836,9.834879914672031,84,1,8.714724913536298,6.21657187505323,9.012129596161937,32,3.314371159981863,10.83123119415534
41,7,6,48,8,5.395371660846449,5.745386628237309,153,4,8.38384138233118,1.1999663382302237,2.034157090257193,20,7.474493400173382,10.73092538859066
43,3,3,43,8,7.638091741835441,9.15778867522993,100,16,4.965161752110766,9.89685988341136,1.034534309570208,43,1.2530935565013137,9.616861034844103
21,3,4,55,0,5.727157817681442,2.47492921402434,150,5,2.1916415214680915,1.3728527993744897,5.51807377965264,33,4.377892111957124,4.38096156883268
23,8,0,27,1,1.2938110979110173,6.785370233201569,146,1,4.440270267797125,9.710224638836365,6.248150411075824,47,6.640780136880981,5.484831771234869
38,5,0,78,0,8.816963556882598,8.288741686245276,126,3,6.574091087232203,5.9487776052795835,6.210687882662239,15,2.3148690898718822,11.32260030774777
30,4,2,5,9,1.5821820416361843,9.52655724627802,114,21,5.089628390319575,9.668431243585598,1.4906073469404366,59,8.407032170022411,6.711116012586948
42,8,7,60,1,9.602420353486771,4.036061269153212,147,25,8.021703416346956,2.032782394724519,3.826394262265892,17,3.1152816893072677,8.815307586882064
23,6,1,19,9,1.2262776244954545,7.524830529316472,148,10,9.978605400262468,5.413676672669618,5.492790521571987,56,6.8705300153660165,9.809879509911065
28,2,3,77,7,7.250054105176379,5.849317081356571,80,7,2.7201887960400715,2.5255368267945277,2.949212670645168,35,4.646774283177967,10.401288175057855
34,4,1,1,4,1.7398635734060348,1.5456603345982138,147,11,5.136857376936152,1.4587738932019816,8.853632969373066,49,6.364392359298825,3.0671957712686835
44,4,4,72,6,9.196089214916256,7.20999763578049,91,7,4.878855117287398,6.557762035560804,1.7839836051529063,55,1.967054973660173,9.335788144984434
38,6,8,36,1,5.179899126029885,7.210869024140591,139,10,3.7404327947405576,2.870050788655223,5.3864599750483855,54,1.1522151992944658,7.65583034468986
35,6,0,19,7,2.2377139733531384,9.375461243618833,106,21,2.782859650482606,6.289273164587914,7.222744517618368,17,9.186079846422711,2.2616261709674084
42,1,4,25,5,4.067341298108619,5.475812015520752,135,19,1.591229048406933,2.0112803375408705,3.355759901210342,39,3.426670078904645,4.3653253628221504
43,8,8,28,7,2.4834220781208582,3.072258286394632,102,7,8.984073855013285,3.987878242894325,6.618166632977664,59,8.37709302502413,3.8705294191072683
22,6,0,0,0,2.5352372040138103,1.4010744110381124,104,28,4.7786382791768585,8.034693022479225,8.46446635128137,52,9.994152704249801,0.0
30,3,8,34,0,9.53297488154298,4.740779680173151,100,7,5.4720596665004395,4.933463696579689,2.713032775855428,59,2.9028813219902005,3.8619835599729986
22,9,7,69,6,5.007215010563094,3.7172503006975166,140,25,9.252478433808243,6.649708734076027,9.254985326423766,34,3.3865366706502003,12.211591449694964
37,2,3,58,7,8.099220375148235,7.84979475421488,142,29,7.986614297643531,6.827121466709913,5.9820267939612215,58,6.9657380887119915,9.83746981477535
28,8,9,68,2,6.7564500505991365,4.1884098835694195,131,16,2.174511377054658,8.593795395885643,3.6930880387095453,59,9.689037711405591,5.077874474519934
21,3,4,32,4,7.0878372610455305,9.541640766833595,104,19,6.088779708469682,3.9243051496597716,4.877724478440436,48,9.242329133716694,9.238919926433217
29,5,4,50,0,2.1852409462483466,9.660791826890058,134,19,4.980270488676032,7.185660063242658,3.8097269540774916,35,5.525879680590264,9.436178796895302
31,6,5,77,6,3.1076600213393712,6.588177311959372,125,22,8.174899653208865,9.654542263415491,7.526000439399845,37,8.155992542740522,11.524150169300043
42,6,6,11,4,8.080753016389933,9.357942583133946,111,15,7.518092928507543,7.5721900092208125,8.166705970736189,20,2.2217126778991094,8.045274990997022
36,4,7,19,7,9.736895858273046,7.84768910063046,134,13,7.213651497199647,5.4088342904597,8.49643653086795,27,9.79694365783611,9.778430151735037
27,3,7,52,7,3.3640807833878656,5.921736768776135,84,29,4.064903519319072,6.676457000427363,9.87191424627167,37,9.679179106323879,9.491883582984721
30,4,1,87,8,3.4441188827593585,2.6227714188050033,115,10,8.24467357359329,7.657146079867974,8.121558632470151,23,2.4735606209125387,9.140621068029441
43,1,8,42,6,5.256074195298144,5.1273814916245595,128,6,1.4715216603537509,6.510481891244852,6.412456636197071,31,3.6948081232279595,7.312164377674334
23,4,6,97,0,9.85456281569894,6.047870170263558,137,15,2.436624112889505,1.1500823214085525,4.052982685526054,16,1.9013949775609023,8.560080888591902
38,1,3,88,2,3.4206305124382395,8.775654226615092,118,12,4.020609456801205,2.7529614791850325,5.901359038396745,33,3.4454583900836173,6.156171396643864
44,1,3,49,7,4.6627471867083745,5.332000388820984,159,26,1.6912669696235314,8.294213954939195,1.3696135551136488,33,8.34360210473686,7.725517984455149
33,6,7,28,2,9.023320140611562,9.07907205410161,140,14,3.1149484978122244,3.453855825812362,7.703425679769218,21,4.404840464487336,11.48657675940455
27,5,3,56,7,1.026289293592258,7.06914081121122,88,23,8.471358846981264,7.584059076050205,5.013599905828916,56,1.7955727043208254,7.514325469032717
24,4,5,38,0,1.357893684897126,2.2329915674830425,85,15,9.534263840110714,4.3490819371752885,1.1802090675896886,56,4.080029723010141,8.694752844551509
33,3,4,94,4,6.436645093640973,9.954832323925837,114,26,3.7414212019677144,5.696958953421489,1.5625624735936974,34,9.83245000817152,8.442695127805735
40,1,2,55,3,9.166421482415624,5.745093946785214,118,20,3.3806422358995443,1.6117596983746334,4.48719817439581,23,6.667152357332826,7.008002856791073
21,6,9,42,4,3.149709943617349,4.52672466768171,101,22,3.519033870217842,2.6310300494473857,6.2507936711659156,31,4.7454485176554195,9.696626490332939
28,2,1,49,7,5.226775972126381,6.932023880225739,120,23,3.4994717861575944,9.61477267167311,5.1778355405691405,41,2.49884662147543,5.861195504959176
34,8,8,22,9,5.0541877149203644,1.9800398258293517,84,8,1.323371639673757,9.011242481022226,6.572838855629394,16,9.875591175553254,5.699406546326597
36,5,9,43,3,5.256742114859591,6.72884782078019,121,2,9.342247116979973,6.870475998091452,5.322648329122202,50,8.387641083368159,7.1282214114958515
34,7,8,37,3,6.602677261567707,5.484124004493457,155,18,2.9232832741329555,5.136801376471636,6.95533460933212,33,3.5332957220582744,5.296409549265526
32,2,0,83,2,5.2276938669161535,4.660066629987249,159,19,4.780036666732645,7.0818516360570145,2.972134582037208,31,1.6306182614907052,3.6202593983794364
39,8,9,22,6,5.02721327190212,9.577180190610093,146,4,1.0871819446687097,6.567492601845451,2.0155886846525926,19,1.5096300163980223,8.569104401990721
43,2,2,44,2,5.268595783881345,5.702857450588479,109,9,8.721595818235514,6.116970300441508,6.367905591630939,53,2.0834033455498044,9.93963025876204
35,4,7,51,2,6.317806971439373,2.9720573152294456,136,16,7.580416100094255,1.5325936467718764,5.362205652426767,32,6.226917252529795,7.662294558608864
22,1,5,79,9,5.833067395162225,5.130671314395688,152,14,9.520804316563328,6.695223495953562,1.2418088864044177,21,9.358870790849432,12.552603794973846
22,5,4,49,4,8.687223978854538,9.274486641154054,108,22,8.034539312767592,7.9202804011405155,4.424336969437323,31,5.470690852053861,9.163423204837812
43,9,4,7,4,1.4454716814429995,2.584859241975352,116,24,3.8233586084685873,9.94673489181018,1.9551302694189594,53,8.586509342105774,4.680439115873213
42,1,5,84,5,8.499853643257111,2.925613348194132,92,7,3.230860228555813,1.0997069733487872,5.782211485774257,50,5.01297957873827,9.128937330456674
39,9,6,0,7,8.595321513505517,1.1172661098137537,111,14,7.279446767979636,7.57156107979609,4.561999116943877,54,7.377251911910427,2.0351639798794148
42,8,0,7,9,3.5641721937786475,1.1277104445619046,125,20,4.277014975094495,6.146103843423824,6.5183671999271615,59,7.586854635578508,5.435497978969875
42,6,8,28,5,5.165667595142656,8.464524642626614,102,29,6.095935141773549,4.90646958472861,8.250419968932144,18,2.5656733531300477,7.265212619845363
37,7,2,95,0,4.94684639683692,7.589103461586602,124,13,1.056317239238232,2.148131571142338,3.697018154573417,52,4.250944530782306,5.153183631438156
40,3,3,4,7,2.9665885091871727,4.195369508067625,96,19,1.5569713151242772,4.681766337713886,9.658918937485247,39,6.735719408842215,2.5501902847007094
30,1,9,85,7,4.5711716237768485,7.284800415048155,145,27,5.81831147063486,4.1893946468752175,5.8207105052881705,19,1.6362694736592958,7.265742578053198
26,5,0,46,8,1.3994899495376898,4.556853336789732,85,6,6.094644818033486,3.7254690008086797,6.5646171887930915,44,4.253861689866609,5.045084300725998
35,2,9,33,8,3.50039865503561,9.576071163980448,97,20,7.763076500134092,7.577916609899869,7.126051359031633,26,5.8131951965307325,10.66399103498211
42,5,2,64,1,8.350139579056464,9.703474132834314,101,22,2.1876878766156556,7.306529691558374,7.0005837687183075,18,9.966020437401749,7.774554721083335
31,8,1,54,1,3.561060715866078,4.53514398228409,112,11,5.618647753811009,6.301180818828204,5.598736687405559,38,5.270802063601966,7.126986036306574
25,9,1,89,2,8.36386001873423,8.687997157067812,109,16,2.7500287998851976,9.44798331964035,4.858878620032152,43,8.344510814028911,8.79921640447484
21,2,0,42,0,5.784395181439878,7.957801375277196,111,16,1.8387650760642522,4.14868945762769,1.484037677596401,23,4.88860556559956,3.6155557142088237
28,3,7,73,3,8.91876409625044,3.789999434546104,121,9,4.694462146544991,3.194217439391616,1.1987726077106178,18,8.16751650357738,8.99774281968574
41,3,2,29,3,6.173015988379737,3.0883584601099536,157,29,2.470029832801515,6.9031298178855955,4.221650750794882,38,6.358733214580976,2.6574061760957948
32,1,2,81,8,1.2670140075826584,5.124111853535505,89,28,2.9960378037308675,2.7893265484366268,4.002948015703234,28,8.979358973521585,4.260786882160895
32,8,5,16,8,7.078781867923803,8.032139565529656,115,18,3.8579912188255157,3.8350945646508214,4.489256393551061,19,4.698482971150989,5.615886561960307
25,6,7,25,8,1.403682112212118,9.641510062558709,113,13,3.3344956066887663,3.0214219606739636,2.24531380799371,32,6.43873977839331,9.74570193500238
27,8,8,7,9,5.055373170848206,7.872211619799153,152,10,1.7883216766535175,1.622382109466511,7.643514434831593,56,6.670168125569447,10.009117777795863
24,9,8,46,6,9.364840250258027,8.696862865165329,107,1,1.8092462037373207,8.447488674721061,8.71267973298615,33,4.7564464762042595,10.621791454307706
26,5,3,75,1,2.4868354540406514,6.427578755534649,90,17,2.7392447371075135,3.2908648862949503,9.448431718366315,26,2.2988083931873335,10.060050588892292
33,3,4,90,9,4.508851176473897,8.518670477579132,157,6,1.4550326916358505,5.257247530087186,5.431260731676632,32,1.84203466221102,10.559276557845385
40,5,1,71,4,7.568742779636306,8.059787722030759,118,11,6.638113177092344,1.3898374592888074,7.307791292128858,31,1.150043955396698,13.314808034814876
35,5,8,88,3,8.940327004853629,4.392869877336521,126,25,3.585940448580118,7.294055196273788,8.699960110922852,44,8.86180837820693,13.105246723775526
23,5,7,45,7,7.038487042682571,5.96791271908649,98,1,3.5177137099216393,3.975049020756617,4.764619999841374,38,3.128274210148251,5.434369007890485
43,3,2,67,1,3.323559287720523,8.242778097907253,94,26,3.9879846481398866,7.70263055046289,3.784715153833999,25,2.9035607435359125,7.493369831665849
28,4,8,32,5,7.071470676245945,1.4145106077096075,107,19,6.965166467887495,4.7116275442107955,9.430521002681411,49,7.62431860383459,7.340427215267559
40,9,2,0,4,3.67054876993681,8.272713541202469,103,17,8.835704933351415,2.7618004576506214,5.641088959693658,37,3.8801450177865258,5.88494328152679
36,9,8,18,1,7.465863068368617,2.600993116441211,151,5,7.831782393000745,5.618575740538323,5.475284979317902,31,5.554402231706529,8.093428275272297
33,2,1,30,9,9.586298148265366,5.632152554092951,88,23,7.547763072025854,2.174541036736958,2.605744869071462,15,2.4625995876771065,8.099630947148519
38,8,9,79,0,7.4925410599565945,8.274478956003438,126,9,5.359520670407643,4.964852438856953,1.9733951311602107,29,9.637711493157724,9.204508220175663
30,8,8,13,7,8.765924526211712,3.2843897034102536,112,19,7.244250012706706,3.8557492967843787,8.578961762351604,46,8.664232600155136,7.406399158652967
39,7,7,52,1,1.0189345885829506,3.212266953755377,141,14,5.974861312302249,9.207636257796699,6.527198585687662,23,8.774106606685029,9.364707228642587
37,8,8,47,6,7.4581491225843495,4.624879586160267,98,4,2.94625475367876,1.5483584954864795,3.9324212561750382,29,4.660963737148046,8.62685688334337
44,3,4,68,8,8.466288011787253,9.051785178198712,146,19,2.8772953096694565,7.2461567269516785,2.725625956512398,42,7.8612509233645556,10.816991975018388
39,6,1,89,8,1.3650286379021328,1.003985032934871,153,2,3.667528061877551,2.644760493886923,5.999475521526683,38,2.2948853985080215,7.500603397863513
43,1,7,61,7,8.844379545594077,9.112447869777414,119,4,9.197224038728319,3.8714056689901586,6.2552736033502185,49,1.0775710233260225,13.85118995128719
25,7,5,91,9,3.3102480547904127,2.38426322177447,126,29,5.926733563417533,4.739626567558593,2.8629424112055233,36,1.1797563932022532,6.8985681364120355
41,1,7,65,8,6.987628917802497,9.91077738460734,144,24,7.605148393016825,9.172135804374768,8.662651731023265,41,6.279415636641044,10.764614465529595
43,9,4,63,1,8.20319391121066,9.593622937346213,108,7,4.119028838348928,3.1832043946644264,1.7583792954026598,33,5.098554147231467,8.940680590532645
29,1,9,69,5,6.963980617534199,5.45207670632155,129,7,4.669441935987027,1.821779222902032,4.204837766497795,59,5.662138140176678,7.547126006791621
32,1,1,62,3,1.8305631286593151,5.614482230313653,92,7,2.1300902077352624,3.868206435914712,7.123459723862699,26,1.0671682637549746,4.6090036272695905
41,7,5,72,3,6.366893669743315,5.333944062482688,80,11,2.5416546203950334,1.9420837348198001,3.467083274372806,34,4.804179576916831,8.529757971024933
21,2,4,32,4,5.946252910499292,6.7189928109357036,113,23,8.44620899343531,2.1573683736449727,8.449076753031447,15,7.462613450807748,8.298470564280828
21,5,4,40,2,9.102891412668443,1.8164953201143792,127,22,6.2635476851999385,6.1646553817752405,7.658810439403632,35,4.984243317706923,7.673387660696552
35,8,0,88,0,4.638157566797883,1.2935615350740985,156,7,4.03779219295437,1.54811739789544,8.101205600933207,59,7.58997285681,5.315979058013439
22,8,1,47,7,3.889729873783451,1.5193263557430896,127,10,8.225660880959914,1.2783779325420943,2.0719588228904464,15,3.097170679571513,7.7002396984957215
42,3,7,12,4,7.7486568799281965,4.999288143173629,128,13,3.218679150741847,7.42972691323448,2.264924151959886,24,8.318278040335528,4.36838896947399
36,7,2,72,2,4.71407793475057,3.4799314529753507,143,7,9.784294287401835,4.2548238535694,3.5782636397012526,46,6.295881164081071,10.891362042547051
28,3,9,76,9,6.814865575045567,6.598356061338944,140,28,4.103358469715528,2.1283781431048596,5.66269448677805,53,2.896867894869156,12.683828995842944
33,6,2,30,6,6.818050811121463,9.931980604373011,108,29,4.0357985873610485,3.282514937737374,7.732144690294621,36,3.1304842826844963,7.892368351874074
41,6,7,74,6,8.99235157924106,4.476908557688193,118,23,3.8072071498303472,6.778778566171591,8.52877801684813,32,6.652274181125834,11.037579137715868
21,3,7,67,0,6.388231620871876,6.16457128694062,105,27,2.0990036433185915,3.479829104267661,7.3390178436146245,46,8.46945633891199,6.792795731272534
36,7,1,97,8,5.519382489657882,4.74043506316602,96,9,2.000234325988112,5.450690126083671,9.357371933775745,41,4.740650038262396,10.585350168301192
27,3,7,3,1,2.249841937568653,8.625445009496733,150,6,6.83294531080711,2.0952577605400506,7.6486915865433724,42,3.32470386214833,7.14663130615365
25,8,0,18,4,2.041638460108348,9.120127631160143,92,27,8.876062401022423,6.292842738449023,3.7564109830415324,32,8.803104462195403,4.79077096259631
42,4,5,69,4,2.3888940875477145,8.89620050984734,148,16,8.114684592445062,3.8446991545893767,3.3857315590471533,53,7.023414625757514,11.097066176084212
43,1,7,97,7,2.5466363319438505,9.769350148113318,105,3,2.26996834619216,6.642715910758449,7.265732052709809,43,5.032769385547689,9.602862628524226
23,4,2,81,7,6.740893833972705,1.2476726662637376,128,28,5.910239096128598,8.275553940736206,2.7358351182065284,32,5.391101757513717,12.540744724865652
32,7,7,12,6,7.668831252471207,8.558345459309779,146,12,1.9503239137897599,6.504817774509932,1.834433297292429,58,2.8383082114275675,6.046340011005289
36,4,0,22,6,5.769923706337768,7.765949557351839,86,3,1.407651792517697,3.661728063355186,5.790005873705745,22,6.641223670583596,6.909913665744402
39,6,8,82,5,8.46115959290942,3.058249684603283,137,4,6.907472734462905,3.3016933139347033,8.394774128010598,45,4.228682594885997,11.001753519405899
25,9,8,74,5,9.921369040602698,9.606880840487747,128,25,5.816371003123153,3.9467886286010323,1.9124185822287718,48,9.960806590069144,8.783522709384043
42,1,4,0,8,8.380113662074205,2.333601354069509,132,21,1.7382131669032377,2.481584619128544,8.127021914161563,21,5.32165163735699,0.0
34,5,9,87,5,7.253941363083633,7.115949344205175,144,3,1.314453217653896,2.630546657650181,8.304148039163934,50,5.372970455706518,11.883988136779738
25,7,3,53,1,5.79243429493432,3.0240119513432124,141,17,9.907807720684012,8.11621991710151,5.340466000733892,32,6.092666086696047,11.148251956712121
35,1,5,70,1,5.039677645072374,4.882425838966672,96,5,1.270191989341647,4.462593188567005,1.5157927900943813,52,9.250804028068721,5.457164897513181
37,4,6,88,4,1.759531424900881,7.47243907250112,122,23,5.000754277451437,4.923956625135272,2.571308661224678,23,8.207362898737752,6.354601536101818
34,6,4,84,3,4.594318735552219,6.06992177829742,104,23,5.54157122146926,6.3464451901013,7.366836476457391,23,5.060170628180573,8.2967114307889
40,2,9,14,1,9.191211731039209,4.847516481953005,82,22,2.055521330204005,6.306881456363929,7.406001504918545,22,7.468293393755164,2.9213505592939586
25,5,8,64,2,8.272203669158976,3.937045878387885,158,21,2.5215560059574464,1.6063918436973315,9.085197476508988,49,6.276119489026855,5.866325173091056
32,1,2,75,6,2.944462285105185,8.556936901379114,108,1,4.166245057693173,8.48386707703899,6.244175318991245,32,5.43130343831124,11.04877272145209
36,6,6,70,7,5.199470062274942,2.294329152833323,111,22,7.855082885922964,2.595938979015455,2.1169663094239963,19,2.7308419550591547,9.249352811641
36,6,9,14,5,8.350508823026901,4.8709258887682,105,10,5.5637418165424,7.50764472444702,2.092734149544749,28,5.1754263710940185,5.862810257786075
41,4,9,20,4,1.6064609930697027,9.13381814597628,95,27,6.741116870976654,7.954038893153499,7.4901912162114135,42,3.2123672832031716,9.024239864012905
27,8,4,18,0,4.486533271017934,8.612645954139708,104,13,9.866570995816073,7.434095806821823,2.6540619859711105,44,9.233579348664891,9.362820201821718
24,4,6,59,7,8.666571131865528,4.6084758622574205,133,29,7.912048917818887,6.210798818987307,3.955469496549448,18,4.018661321467123,8.839904466902082
21,8,1,92,2,4.635080777531114,7.867975272411774,107,4,4.909253483270959,1.1314809739799458,5.384908062297225,53,9.570376130800351,10.063435094621147
25,8,3,88,5,1.6985318025829677,8.408447476379735,152,5,5.017977296168938,4.2433794312685365,1.2228838981853607,34,5.797497610852401,11.490582107793742
43,5,1,32,2,5.882809316790263,8.999986816032667,135,9,6.568948693369045,6.4435548642632305,3.2393712431793866,39,6.683899408085443,8.51806271580324
30,4,6,48,6,8.755682454264658,5.900551921443052,144,7,6.9882868757701395,4.487061663302848,4.671006476565521,42,5.88646400040395,9.972276746098505
42,2,1,95,6,6.312569886578437,2.8401479744924063,159,13,5.506398332530042,8.771319054215319,3.516726866438856,26,2.1644255527003082,12.051032950468175
25,3,0,34,8,3.036511973928086,3.297781688535385,120,23,6.803751005334819,3.779220478146538,2.2273329472080925,16,4.382390971071469,7.329847732117723
24,3,8,43,4,4.458156581236432,3.6612520663744377,130,2,1.211792449726889,3.641813132127944,7.552110320165776,57,1.8923150104986153,5.577550224931266
22,4,0,89,7,5.0511102506373895,6.3442223272865395,150,11,4.866605775071597,3.3939792378339217,8.318328896511865,28,6.606586397650435,8.765681897880532
40,4,7,10,9,6.213397184384742,1.295286617157476,157,15,3.5104426846612906,3.9950278206471594,3.3173107852935235,36,5.0218677568039505,4.2479300771768855
30,5,1,98,9,7.834159231773517,6.724382219019715,108,27,2.1625700071879934,6.016644678827685,7.96977545145673,45,8.00186474413843,10.480000486214086
39,4,7,71,7,1.8898625587657185,4.2791881458540875,98,29,1.8959186152789762,7.363137648453317,4.469982079611825,37,2.9842343289943285,5.8856150257405755
21,8,2,77,0,9.006868297158096,3.6571762224067794,145,22,6.428729490532008,6.963111259649066,5.560172117686025,34,2.4810945258640142,6.869533314245034
44,6,5,73,4,1.1107873271446804,8.915469136553138,120,16,5.712404924373505,8.269460379833315,8.704009674038375,52,4.6569900786739105,11.836726219661438
25,6,2,65,2,4.330471012068298,5.14002156022719,124,0,3.2822570529673225,8.973225959476824,7.749583136221671,18,9.33926844896543,7.721220314596695
33,8,6,45,0,1.2467827897539188,1.855477409794235,94,22,5.23855052895263,8.34471138109016,8.246051661845598,29,7.3937963351117055,7.523806967737089
24,7,9,8,3,4.5367680281076215,8.440720912236223,82,9,5.430090836641675,1.1705086303691912,2.2316064992772113,38,4.7703126231362685,9.104049157842983
36,8,8,2,7,5.732313389859914,1.4287713169285594,90,24,2.755080823947542,7.623261581967899,1.6274748325035653,39,5.655449527788795,1.6505514055034491
44,2,1,84,2,5.605132479233606,7.54074301751377,132,22,6.868837556934856,2.8755961625649844,9.040642561791884,15,1.7579171005938852,9.066005059470031
36,9,4,25,9,2.4906551232543883,7.965155995935986,125,9,8.028274207474814,2.1963523843718438,4.490508426139849,21,9.861183067385017,11.229820074033245
